{
  "AS1": [
    103.77220262705852,
    1.2952797447912994
  ],
  "AS2": [
    103.77134563694496,
    1.2952336787361909
  ],
  "AS3": [
    103.77126741729663,
    1.294726046303341
  ],
  "AS4": [
    103.77184332606475,
    1.2945803044683288
  ],
  "AS5": [
    103.77175865391057,
    1.2940879806218697
  ],
  "AS6": [
    103.77313854077373,
    1.2956066076836008
  ],
  "AS7": [
    103.7713357891947,
    1.294685916708102
  ],
  "AS8": [
    103.77245395946392,
    1.296230814712815
  ],
  "Ambition_II": [
    103.7744086,
    1.3035885
  ],
  "BIZ1": [
    103.77398456164467,
    1.2926240935980466
  ],
  "BIZ2": [
    103.77506200540186,
    1.2933945343889675
  ],
  "C4": [
    103.77914757584118,
    1.295635625815249
  ],
  "CAPT": [
    103.77328638876368,
    1.3077242652083083
  ],
  "CELC": [
    103.77142456665047,
    1.2970000182343862
  ],
  "CELS": [
    103.77815327756684,
    1.2950176244669531
  ],
  "CEREBRO": [
    103.77368777990343,
    1.2950667526656219
  ],
  "CFG_CARSPA": [
    103.7747633457184,
    1.2985055114007384
  ],
  "CLB": [
    103.773232,
    1.296721
  ],
  "COM1": [
    103.77396374981775,
    1.2948665424321886
  ],
  "COM2": [
    103.7741592837536,
    1.2935772164129489
  ],
  "COM3": [
    103.7745914010618,
    1.2948151336959928
  ],
  "COM4": [
    103.77538778640947,
    1.2951130958581192
  ],
  "COM4SR31": [
    103.77537384926308,
    1.2951198468049192
  ],
  "COM4SR32": [
    103.77537384926308,
    1.2951198468049192
  ],
  "COM4SR33": [
    103.77536866488154,
    1.2951105509975482
  ],
  "CQT/SR0315": [
    103.78033697605133,
    1.2971461059771843
  ],
  "E": [
    103.77486590160304,
    1.2969386604126165
  ],
  "E1": [
    103.77114568818345,
    1.2987068969834419
  ],
  "E1A": [
    103.77113643180498,
    1.2988600093939424
  ],
  "E2": [
    103.77138235909145,
    1.299008252520202
  ],
  "E2A": [
    103.7714780727028,
    1.2987835692058949
  ],
  "E3": [
    103.77162704473018,
    1.2995579761354903
  ],
  "E3A": [
    103.77127309652789,
    1.300388243241717
  ],
  "E4": [
    103.7722434674523,
    1.2983120214125565
  ],
  "E4A": [
    103.77233663282955,
    1.2986808013314228
  ],
  "E5": [
    103.77236338579044,
    1.2980451179837809
  ],
  "EA": [
    103.77043231973572,
    1.300096975114227
  ],
  "EH": [
    103.77461339347067,
    1.2917351246659363
  ],
  "ENG": [
    103.7705817818642,
    1.300612137950934
  ],
  "ERC": [
    103.77283346930581,
    1.3061871514028496
  ],
  "EW1": [
    103.77071906212592,
    1.2986767297159272
  ],
  "EW2": [
    103.77254643392017,
    1.2991924113614877
  ],
  "Frontier": [
    103.78003966445547,
    1.296364945076005
  ],
  "GBT": [
    103.7705455,
    1.2968031
  ],
  "HSS": [
    103.77422497534441,
    1.2937627735280555
  ],
  "HSSMLCR": [
    103.77434492111207,
    1.293218888755013
  ],
  "I3": [
    103.77574635125416,
    1.2923769155241807
  ],
  "Interaction": [
    103.77761185169221,
    1.291363565499891
  ],
  "KEVII": [
    103.78084659576416,
    1.2922060118957746
  ],
  "KRH": [
    103.7747599673325,
    1.2915834507684465
  ],
  "LAW_AUD": [
    103.816607,
    1.318959
  ],
  "LAW_CR2": [
    103.81669805951049,
    1.3187278253175467
  ],
  "LAW_CR3": [
    103.81703764200212,
    1.3190394353043438
  ],
  "LAW_CR4": [
    103.81670504808427,
    1.3187687563308481
  ],
  "LAW_ESR": [
    103.817032,
    1.319112
  ],
  "LAW_LT": [
    103.81695717573167,
    1.3192665513499864
  ],
  "LAW_SR3": [
    103.817133,
    1.319202
  ],
  "LAW_SR4": [
    103.7950548707631,
    1.3076010618390095
  ],
  "LAW_SR5": [
    103.79475854337215,
    1.3074666501258094
  ],
  "LKY_SR2": [
    103.81760090589525,
    1.3189664358274156
  ],
  "LT1": [
    103.77129296022898,
    1.2995128919233356
  ],
  "LT10": [
    103.7720594590288,
    1.2949157602130599
  ],
  "LT11": [
    103.77139878788282,
    1.295456827029062
  ],
  "LT12": [
    103.77114846994691,
    1.2949801946461976
  ],
  "LT13": [
    103.77090632915497,
    1.29506943418948
  ],
  "LT14": [
    103.7733578704978,
    1.2957109058743046
  ],
  "LT15": [
    103.77340877469021,
    1.295522499959851
  ],
  "LT16": [
    103.77386420264736,
    1.2939170885884703
  ],
  "LT17": [
    103.77401107931558,
    1.2936062312700383
  ],
  "LT18": [
    103.77460509538652,
    1.2933049908717555
  ],
  "LT19": [
    103.7743029,
    1.2937303
  ],
  "LT2": [
    103.77140470268863,
    1.2993124975071704
  ],
  "LT20": [
    103.77882045948085,
    1.2958439182978323
  ],
  "LT21": [
    103.77946703176282,
    1.295356780941112
  ],
  "LT26": [
    103.78110405867265,
    1.2964439980596048
  ],
  "LT27": [
    103.78090117515984,
    1.2969925415205374
  ],
  "LT28": [
    103.7811495867657,
    1.297199706737715
  ],
  "LT29": [
    103.78121942281726,
    1.2970306748465374
  ],
  "LT3": [
    103.77340105516473,
    1.297782788396538
  ],
  "LT31": [
    103.78039359238537,
    1.296863036752469
  ],
  "LT32": [
    103.77830217071332,
    1.2961400836523527
  ],
  "LT33": [
    103.78090879191791,
    1.2977441788622253
  ],
  "LT34": [
    103.78083854913713,
    1.2977295044675978
  ],
  "LT35": [
    103.77326933994733,
    1.296587176242994
  ],
  "LT4": [
    103.7735183186846,
    1.2974781271276108
  ],
  "LT5": [
    103.77135093589285,
    1.2983045966610414
  ],
  "LT6": [
    103.77195239067079,
    1.2987913865798812
  ],
  "LT7": [
    103.77108408506066,
    1.3000819751503252
  ],
  "LT7A": [
    103.77094760790798,
    1.3004814583946265
  ],
  "LT8": [
    103.77199079513672,
    1.2941286739949707
  ],
  "LT9": [
    103.7722506424852,
    1.294968895355766
  ],
  "MD1": [
    103.78057137237408,
    1.295400398303322
  ],
  "MD10": [
    103.781702640157,
    1.2965014538355037
  ],
  "MD11": [
    103.78173856312563,
    1.2960524927839885
  ],
  "MD3": [
    103.78116577863695,
    1.2953536757033381
  ],
  "MD4": [
    103.78081788585813,
    1.295626117452161
  ],
  "MD4_LAB9": [
    103.78087073564531,
    1.2957451781135965
  ],
  "MD6": [
    103.78181883104845,
    1.2953454016711934
  ],
  "MD7": [
    103.78101697329667,
    1.2961545119029614
  ],
  "MD7_LAB8": [
    103.78117382526399,
    1.296064279348453
  ],
  "MD9": [
    103.78134551280169,
    1.2966962086013787
  ],
  "NAK": [
    103.77310842275621,
    1.305495177478812
  ],
  "PGPH": [
    103.78055155277254,
    1.290896141645534
  ],
  "RC2": [
    103.7719907295531,
    1.306375323655279
  ],
  "RC4": [
    103.77288760989907,
    1.3082474932691108
  ],
  "RH": [
    103.77391813424904,
    1.2997500633015104
  ],
  "RMI": [
    103.77548217773439,
    1.2926128638467618
  ],
  "RVR": [
    103.77678596682419,
    1.297414661779477
  ],
  "RVR_MPR1": [
    103.77694934606554,
    1.297287053455881
  ],
  "S11": [
    103.77881400343158,
    1.2966952428739835
  ],
  "S12": [
    103.77876683074483,
    1.2969431613196396
  ],
  "S13": [
    103.77919314851079,
    1.2967326859551564
  ],
  "S14": [
    103.77967257959722,
    1.2967875399020172
  ],
  "S16": [
    103.78047054393805,
    1.2967543984854875
  ],
  "S17": [
    103.78069107960951,
    1.2977100902824805
  ],
  "S1A": [
    103.77830561288724,
    1.2959382061889997
  ],
  "S2": [
    103.77806068831819,
    1.2955477389873327
  ],
  "S4": [
    103.77334722401163,
    1.2967802458383009
  ],
  "S4A": [
    103.77926062763346,
    1.2957722478669818
  ],
  "S5": [
    103.77972726303369,
    1.2955651536706374
  ],
  "S6": [
    103.78010094165803,
    1.295166639427762
  ],
  "S8": [
    103.77931017612161,
    1.2960895004597737
  ],
  "SDE": [
    103.77083203826942,
    1.2973536388312235
  ],
  "SDE1": [
    103.77056376563726,
    1.2971517111096682
  ],
  "SDE2": [
    103.77114237696037,
    1.2973262884498336
  ],
  "SDE2_ER4": [
    103.7710287,
    1.2971755
  ],
  "SDE3": [
    103.7704222154665,
    1.298103448629357
  ],